"Table 1: Investment in General Practice in England, Wales, Northern Ireland and Scotland 2008/09 to 2012/13 ",,,,,,
,,,,,,
,,2008/09,2009/10,2010/11,2011/12,2012/13
England,Total Investment Excluding Reimbursement of Drugs (£m),7315.3,7683.46,7708.55,7774.47,7863.84
,,,5.03,0.33,0.86,1.15
,Total Spend (£m),7961.3,8321.19,8349.53,8397.04,8459.26
,,,4.52,0.34,0.57,0.74
Wales,Total Investment Excluding Reimbursement of Drugs (£m),410.49,416.63,422.78,426.37,431.67
,,,1.5,1.48,0.85,1.24
,Total Spend (£m),451.89,457.09,463.3,465.54,469.14
,,,1.15,1.36,0.48,0.77
Northern Ireland,Total Investment Excluding Reimbursement of Drugs (£m),234.93,238.3,234.75,236.24,232.74
,,,1.43,-1.49,0.64,-1.48
,Total Spend (£m),234.93,238.3,234.75,236.24,232.74
,,,1.43,-1.49,0.64,-1.48
Scotland,Total Investment Excluding Reimbursement of Drugs (£m),711.36,735.68,748.04,754.02,762.72
,,,3.42,1.68,0.8,1.15
,Total Spend (£m),753.34,778.36,790.25,791.33,796.23
,,,3.32,1.53,0.14,0.62
     UK,Total Investment Excluding Reimbursement of Drugs (£m),8672.07,9074.07,9114.12,9191.1,9290.96
,,,4.64,0.44,0.84,1.09
,Total Spend (£m),9401.46,9794.93,9837.82,9890.15,9957.37
,,,4.19,0.44,0.53,0.68
Notes:,,,,,,
(a)     Figures in bracket are annual percentage change.,,,,,,
(b)     Figures for Northern Ireland 2008/09 to 2011/12 include dispensing fees for dispensing doctors  but not reimbursement of drugs,,,,,,
(c)     Figures for Northern Ireland 2012/13 do not include dispensing fees or reimbursement of drugs and are therefore not strictly comparable to previous years.,,,,,,
,,,,,,
Summary table: Reported investment in General Practice 2008/09 to 2012/13:  England,,,,,,
Finance Monitoring: England,2008/09,2009/10,2010/11,2011/12,2012/13,
,Outturn,Outturn,Outturn,Outturn,Outturn,
,£000s,£000s,£000s,£000s,£000s,
Global Sum/MPIG,1863957,1898439,1931655,1943379,1964220,
PCTMS & APMS essential & additional services and other payments,118199,269608,358152,362538,364548,
Premises,541690,632593,623983,661662,702337,
PCO administered funds ,244482,247267,212969,214421,217923,
Quality & Outcomes Framework ,1068184,1079616,1095532,1141612,1191498,
Out of Hours,378214,403837,397175,403081,396247,
Direct Enhanced Services,348600,393964,325901,366833,374360,
National Enhanced Services,69956,67512,62236,56168,50994,
Local Enhanced Services,323078,336015,277639,269618,264407,
APMS & PCTMS Enhanced Services,44274,34869,34237,19387,19130,
NHS Health Checks for 40-70 year olds,X,2291,11097,13462,20294,
Care Plans for people with long term conditions,X,600,2409,1494,1483,
GP Extended Hours Access,X,X,75560,37458,20696,
Total Enhanced Services1 ,785908,835251,789079,764420,751364,
IT (inc. centrally funded IM&T),55278,46763,50173,52232,58272,
Balance of PMS,2086083,2098070,2082480,2060938,2041552,
Other (non DES pneumococcal vaccine) ,2616,2332,1951,2435,1723,
Total Net of Dispensing,7144611,7513776,7543149,7606718,7689684,
Cost of Dispensing Fees (inc DSQS ) 1,170686,169684,165399,167751,174154,
Total Investment Excluding Reimbursement ,7315297,7683460,7708548,7774469,7863838,
of Drugs,,,,,,
Reimbursement of Dispensed Drugs (inc vat allowance and discounts) 1 ,646000,637727,640980,622575,595423,
TOTAL SPEND ,7961297,8321187,8349528,8397044,8459261,
1For items dispensed and / or personally administered by Dispensing Doctors and   Prescribing Doctor practices.,,,,,,
 Notes:,,,,,,
a)       All figures (excluding dispensing costs) are based on actual PCT reported spend. ,,,,,,
b)       Figures for Recruitment and Retention are included in the PCO admin line.,,,,,,
c)       NHS Health Checks for 40-70 year olds and Care Plans for people with long term conditions are new for 2009/10.,,,,,,
d)       X= due to differences in the categorisation of data between years,,,,,,
"e)       Figures pre 2012/13, which were previously reported in “Investment in General Practice 2007/08 to 2011/12 England, Wales, Northern Ireland and Scotland” have now been revised.",,,,,,
,,,,,,
Detailed table: Reported investment in General Practice 2012/13:  England,,,,,,
GMS/PMS/PCTMS/APMS FINANCIAL POSITION,GMS,PMS,APMS,PCTMS,2012-13 OUTTURN,
,£000s, £000s, £000s, £000s, £000s,
Global Sum,1848056,,341818,22730,2212604,
MPIG correction factor,116164,,,,116164,
Total Global Sum and MPIG,1964220,,341818,22730,2328768,
Premises,396781,305556,,,702337,
PCO Administered,146985,70938,,,217923,
Quality Aspiration Payments,466987,346874,,,813861,
Quality Achievement Payments,201517,154235,,,355752,
Total Quality,668504,501109,20554,1331,1191498,
Out of Hours,130349,79085,185052,1761,396247,
Direct Enhanced Services,215643,158717,,,374360,
National Enhanced Services,27742,23252,,,50994,
Local Enhanced Services,154453,109954,,,264407,
NHS Health Checks for 40-70 year olds,11597,8697,,,20294,
Care Plans for people with long term conditions,611,872,,,1483,
GP Extended Hours Access,9884,10812,,,20696,
Total Enhanced Services,419930,312304,17860,1270,751364,
IM & T (monies spend by PCTs on GP practice systems as per Modernising IM & T in general practice guidance only),40414,17858,,,58272,
Balance of PMS expenditure,,2041552,,,2041552,
"Non DES Item Pneumococcal Vaccine, childhood immunisation main programme",873,850,,,1723,
Total GMS+PMS+APMS+PCTMS Net of Dispensing,3768056,3329252,565284,27092,7689684,
Dispensary Services Quality Schemes,,,,,5571,
Cost of Dispensing Fees1,,,,,168583,
Reimbursement of Dispensed Drugs (inc vat allowance and discounts),,,,,595423,
Total Dispensing Cost,,,,,769577,
Total Investment Excluding Reimbursement of Drugs,,,,,7863838,
Total Spend,,,,,8459261,
,,,,,,
SUPPLEMENTARY INFORMATION  ,,,,,,
Directed Enhanced Services   ,,,,,,
Childhood vaccination and immunisation scheme,60724,33177,,,93901,
Influenza & pneumococcal immunisations ,47809,36292,,,84101,
Services for violent patients,1552,1544,,,3096,
Minor Surgery,34345,27012,,,61357,
Extended Hours Access,39848,33535,,,73383,
Patient participation ,24214,20293,,,44507,
Clinical DES consisting of:,,,,,,
Alcohol,2105,1780,,,3885,
Learning Disabilities,5046,5084,,,10130,
Osteoporosis,,,,,,
Total Directed Enhanced Services,215643,158717,,,374360,
PCO Administered        ,,,,,,
Seniority,79488,,,,79488,
Doctors Retainer Scheme Payments,1924,,,,1924,
Locum Allowances consisting of:,,,,,,
"a) Adoptive, paternity and maternity",11031,,,,11031,
b) Sickness,2749,,,,2749,
c) Suspended Doctors,2470,,,,2470,
"d) Other Locum payments, see SFE paragraph 20.13",2713,,,,2713,
Prolonged Study Leave,0,,,,0,
Appraisal - Appraiser costs in respect of Locums and PCT employed Doctors,15410,,,,15410,
Primary Care Development Scheme ,4659,,,,4659,
PCO Admin Other,26541,,,,26541,
Total PCO Administered2,146985,70938,,,217923,
1For items dispensed and / or personally administered by Dispensing Doctors and Prescribing Doctor practices.,,,,,,
2 Figure adjusted to account for misreporting of figures,,,,,,
,,,,,,
Summary table: Reported investment in General Practice 2008/09 to 2012/13: Wales,,,,,,
Finance Monitoring: Wales,2008/09,2009/10,2010/11,2011/12,2012/13,
,Outturn,Outturn,Outturn,Outturn,Outturn,
,£000s,£000s,£000s,£000s,£000s,
Global Sum/MPIG,204107,207251,213160,212225,212882,
Premises,31296,32174,35310,36428,38894,
PCO administered funds,15894,18165,14716,14471,14277,
Quality & Outcomes Framework ,64527,64669,65876,68128,70917,
Out of Hours (including OOH Development Fund),32016,31608,33224,33499,33126,
Direct Enhanced Services,19218,20138,20614,20300,19077,
National Enhanced Services,7228,7556,7522,8021,8159,
Local Enhanced Services,7659,9688,7091,9166,9495,
Total Enhanced Primary Care Services,34105,37382,35227,37487,36731,
IT (inc. centrally funded IM&T),17665,14612,14610,13426,13485,
Total Net of Dispensing,399610,405861,412123,415664,420312,
Cost of Dispensing Fees (inc DSQS) 1,10877,10769,10660,10703,11353,
Total Investment Excluding Reimbursement of Drugs,410487,416630,422783,426367,431665,
Reimbursement of Dispensed Drugs (inc vat allowance and discounts) 1,41407,40462,40515,39176,37472,
TOTAL SPEND,451893,457093,463298,465544,469137,
1For items dispensed and / or personally administered by Dispensing Doctors and Prescribing Doctor practices.,,,,,,
" Note: Figures pre 2012/13, which were previously reported in Investment in General Practice 2007/08 to 2011/12 England, Wales,  Northern Ireland and Scotland have now been revised.",,,,,,
,,,,,,
Detailed table: Reported investment in General Practice 2012/13: Wales,,,,,,
GENERAL MEDICAL SERVICES FINANCIAL POSITION,2012-13 OUTTURN,,,,,
,£000s,,,,,
Global Sum,198524,,,,,
MPIG correction factor,14358,,,,,
Total Global Sum and MPIG,212882,,,,,
Premises,38894,,,,,
PCO Administered,14277,,,,,
Quality Aspiration Payments,50922,,,,,
Quality Achievement Payments,19995,,,,,
Total Quality,70917,,,,,
Out of Hours,33126,,,,,
Direct Enhanced Services,19077,,,,,
National Enhanced Services,8159,,,,,
Local Enhanced Services,9495,,,,,
Total Enhanced Services,36731,,,,,
IM & T,13485,,,,,
Total Net of Dispensing,420312,,,,,
Dispensing Service Quality Payment,484,,,,,
Cost of Dispensing Fees,10869,,,,,
Reimbursement of Dispensed Drugs (inc vat allowance and discounts),37472,,,,,
Total Dispensing Cost1,48825,,,,,
Total Investment Excluding Reimbursement of Drugs,431665,,,,,
Total Spend,469137,,,,,
,,,,,,
SUPPLEMENTARY INFORMATION,,,,,,
Directed Enhanced Services  ,£000s,,,,,
Childhood Immunisation Scheme,6233,,,,,
Learning Disabilities,620,,,,,
Mental Health,322,,,,,
Influenza & Pneumococcal Immunisations Scheme,5236,,,,,
Services for Violent Patients,146,,,,,
Minor Surgery Fees,3274,,,,,
Menu of Welsh Enhanced Services,,,,,,
Extended Opening Times,958,,,,,
Asylum Seekers & Refugees,71,,,,,
Care Homes,1750,,,,,
Care of Diabetes,320,,,,,
Homeless,147,,,,,
Total Directed Enhanced Services,19077,,,,,
PCO Administered        ,£000s,,,,,
Seniority,8902,,,,,
Doctors Retainer Scheme Payments,373,,,,,
"Locum Allowances consists of adoptive, paternity & maternity",788,,,,,
Locum Allowances: Cover for Sick Leave,71,,,,,
Locum Allowances: Cover for Suspended Doctors,9,,,,,
Prolonged Study Leave,0,,,,,
Recruitment and Retention (including Golden Hello),0,,,,,
Appraisal - Appraiser Costs,0,,,,,
Primary Care Development Scheme ,1206,,,,,
Designated Area Allowance,0,,,,,
Initial Practice Allowance,0,,,,,
Assistant's Allowance,0,,,,,
Associate Allowance,0,,,,,
Supply of syringes & needles,19,,,,,
Pneumococcal (Campaign and catch up),0,,,,,
Other (please detail below),2909,,,,,
Total PCO Administered,14277,,,,,
Analysis of Other payments,£000s,,,,,
Employers Locum Superannuation costs,1059,,,,,
GP Support Costs,78,,,,,
Locum payments,175,,,,,
Managed Practice costs - Managed Practices,680,,,,,
Managed Practice costs - Managing Practices,240,,,,,
Primary Care Initiatives,0,,,,,
GP Practice Training,74,,,,,
Salaried GP costs,85,,,,,
Other approved PCO administered costs,518,,,,,
Total of Other Payments,2909,,,,,
1For items dispensed and / or personally administered by Dispensing Doctors and Prescribing Doctor practices.,,,,,,
,,,,,,
Summary table: Reported investment in General Practice 2008/09 to 2012/13: Northern Ireland   ,,,,,,
Finance Monitoring: Northern Ireland,2008/09,2009/10,2010/11,2011/12,2012/13,
,Outturn,Outturn,Outturn,Outturn,Outturn,
,£000s,£000s,£000s,£000s,£000s,
Global Sum/MPIG ,114904,114201,114817,114887,108531,
Premises,14439,14540,15302,16742,13755,
PCO administered funds1,9078,9981,9799,10075,10423,
Quality & Outcomes Framework ,43312,43845,43181,42674,45093,
Out of Hours (including OOH Development Fund),21337,21496,21048,20825,21579,
Direct Enhanced Services,16324,19155,15349,14216,11451,
National Enhanced Services,2850,3156,3395,3606,1249,
Regional Enhanced Services incl Clinical Priorities,-,-,-,-,13921,
Local Enhanced Services,4503,4115,3459,4635,1891,
Total Enhanced Primary Services,23677,26424,22203,22457,28512,
IT ,4282,3909,4447,4631,4849 ,
Total Net of Dispensing,231029,234396,230797,232291,232742 ,
"Cost of Dispensing Fees2, 3",3900,3900,3950,3950,n/a,
Total Investment Excluding Reimbursement,234929,238296,234747,236241, 232742,
of Drugs,,,,,,
Reimbursement of Dispensed Drugs (inc vat allowance and discounts) 4,n/a,n/a,n/a,n/a,n/a,
TOTAL SPEND5,234929,238296,234747,236241,232742 ,
 1Dispensing element of PCO administered funds reported on separate line.,,,,,,
2This figure refers only to the cost of dispensing fees for items dispensed and / or personally administered by Dispensing Doctors.,,,,,,
3Cost of dispensing fees currently unavailable for 2012/13.,,,,,,
4 Figures for the reimbursement of drugs for Dispensing Doctors and Prescribing Doctor practices 2008/09 to 2012/13 are currently unavailable.,,,,,,
5 Due to the differences stated in footnote 4 total investment excluding reimbursement of drugs and total spend figures for 2012/13 are not,,,,,,
  calculated on a like for like basis compared to previous years.,,,,,,
,,,,,,
Detailed table: Reported investment in General Practice 2012/13: Northern Ireland ,,,,,,
GENERAL MEDICAL SERVICES FINANCIAL POSITION,2012-13 OUTTURN,,,,,
,£000s,,,,,
Global Sum,103438,,,,,
MPIG correction factor,5093,,,,,
Total Global Sum and MPIG,108531,,,,,
Premises,13755,,,,,
PCO Administered,10423,,,,,
Quality Aspiration Payments,31001,,,,,
Quality Achievement Payments,14092,,,,,
Total Quality,45093,,,,,
Out of Hours,21579,,,,,
Direct Enhanced Services,11451,,,,,
National Enhanced Services,1249,,,,,
Regional Enhanced Services incl Clinical Priorities,13921,,,,,
Local Enhanced Services,1891,,,,,
Total Enhanced Services,28512,,,,,
IM & T,4849,,,,,
Total Net of Dispensing,232742,,,,,
Cost of Dispensing Fees1,n/a,,,,,
Reimbursement of Dispensed Drugs (inc vat allowance and discounts)2,n/a,,,,,
Total Dispensing,n/a,,,,,
Total Investment Excluding Reimbursement of Drugs,232742,,,,,
Total Spend,232742,,,,,
,,,,,,
SUPPLEMENTARY INFORMATION,,,,,,
Directed Enhanced Services          ,£000s,,,,,
Childhood vaccination and immunisation Scheme,4466,,,,,
Influenza & pneumococcal immunisations,4004,,,,,
Improved Access Scheme,0,,,,,
Services for violent patients,139,,,,,
Minor Surgery ,2303,,,,,
Homeless Rough Sleepers,0,,,,,
Learning Disabilities,539,,,,,
Total Directed Enhanced Services,11451,,,,,
PCO Administered    ,£000s,,,,,
Seniority,6136,,,,,
Doctors Retainer Scheme Payments,262,,,,,
Locum Allowances consisting of: ,,,,,,
"a) Adoptive, paternity and maternity",670,,,,,
b) Sickness,256,,,,,
c) Suspended Doctors,0,,,,,
,,,,,,
Prolonged Study Leave,0,,,,,
Other: Please specify: ,,,,,,
Misc Other (incl GP Consumables),410,,,,,
Prescribing Advisory Team and Projects,200,,,,,
Other Scheme 6,850,,,,,
Other incl GP Locum Superannuation,1639,,,,,
Total PCO Administered,10423,,,,,
,,,,,,
1Cost for dispensing fees for 2012/13 currently unavailable.,,,,,,
 2Figures for the reimbursement of drugs for Dispensing Doctors and Prescribing Doctor practices in 2012/13 are currently unavailable.,,,,,,
Note: ,,,,,,
Some 2012/13 categories of lines of expenditure have changed from the 2011/12 report.,,,,,,
·        “Mild to Moderate Depression” and “Cardiovascular Stroke” have been included in the line “Regional Enhanced Services incl Clinical Priorities”.,,,,,,
·        The “Other” line now includes monies relating to GP locum superannuation.,,,,,,
,,,,,,
Summary table: Reported investment in General Practice 2008/09 to 2012/13: Scotland   ,,,,,,
Finance Monitoring: Scotland,2008/09,2009/10,2010/11,2011/12,2012/13,
,Outturn,Outturn,Outturn,Outturn,Outturn,
,£000s,£000s,£000s,£000s,£000s,
Global Sum/MPIG,362863,372477,379670,383421,383957,
Premises,63412,67072,70845,72189,72894,
Other PCO administered funds,36360,39781,40000,38970,40112,
Quality payments,128999,130487,131476,135274,137956,
Direct Enhanced Services,36335,47743,46771,46619,47733,
National Enhanced Services,12887,13387,13761,12866,13314,
Local Enhanced Services,19187,21492,22888,24860,24443,
Total Enhanced Services ,68409,82622,83420,84345,85490,
IT,9864,12864,13715,13824,14738,
Balance of PMS,33358,22511,20959,18475,20248,
Recruitment & Retention,1521,1370,1537,1441,1671,
Total Net of Dispensing,704786,729184,741622,747939,757066,
Cost of Dispensing Fees1,6570,6500,6421,6080,"5,653 ",
Total Investment Excluding Reimbursement ,711356,735684,748043,754019,762719,
of Drugs,,,,,,
"Reimbursement of Dispensed Drugs (and other related items, inc vat allowance, discounts and stock order drugs)",41980,42671,42207,37306,33506,
TOTAL SPEND,753336,778355,790250,791325,796225,
1For items dispensed and / or personally administered by Dispensing Doctors.,,,,,,
Notes: ,,,,,,
a)    The figure for Balance of PMS for 2008/09 includes Closer Working with GP practices. This is no longer a programme in Scotland.,,,,,,
"b) Figures pre 2012/13, which were previously reported in Investment in General Practice 2007/08 to 2011/12 England, Wales, Northern Ireland and Scotland have now been revised.",,,,,,
,,,,,,
Detailed table: Reported investment in General Practice 2012/13:  Scotland,,,,,,
PRIMARY MEDICAL SERVICES FINANCIAL POSITION,2012-13 OUTTURN,,,,,
,£000s,,,,,
Global Sum,364590,,,,,
MPIG correction factor,19367,,,,,
Total Global Sum and MPIG,383957,,,,,
Quality & Outcomes Framework,137956,,,,,
Direct Enhanced Services,47733,,,,,
National Enhanced Services,13314,,,,,
Local Enhanced Services,24443,,,,,
Total Enhanced Services,85490,,,,,
PCO Administered,40112,,,,,
Premises,72894,,,,,
IM & T,14738,,,,,
Out of Hours1,0,,,,,
Recruitment and Retention,1671,,,,,
Balance of Personal Medical Services Expenditure,20248,,,,,
Total Net of Dispensing,757066,,,,,
Cost of Dispensing Fees2 ,3211,,,,,
"Cost of Other Dispensing Fees (e.g. appliances, oxygen, stoma)3",2442,,,,,
Total Cost of Dispensing Fees,5653,,,,,
"Reimbursement of Dispensed Drugs (and other related items, inc vat allowance, discounts)3",19154,,,,,
Reimbursement of Stock Order Drugs4,14352,,,,,
Total Reimbursement of Drugs,33506,,,,,
Total Dispensing Cost,39159,,,,,
Total Excluding Reimbursement of Drugs,762719,,,,,
Total Spend,796225,,,,,
,,,,,,
SUPPLEMENTARY INFORMATION,,,,,,
Enhanced Services          ,,,,,,
Childhood Immunisation Scheme,11093,,,,,
Influenza & Pneumococcal Immunisations Scheme,9784,,,,,
Services for Violent Patients,334,,,,,
Minor Surgery,4203,,,,,
Extended Hours GPs,13674,,,,,
Extended Hours Nursing Provision,105,,,,,
Osteoporosis,63,,,,,
Palliative Care,803,,,,,
Ethnicity Monitoring,-1,,,,,
Scottish Enhanced Services Programme,7675,,,,,
National Enhanced Services,13314,,,,,
Local Enhanced Services,24443,,,,,
Total Enhanced Services,85490,,,,,
PCO Administered    ,£000s,,,,,
Seniority,19953,,,,,
Doctors Retainer Scheme Payments,2042,,,,,
Locum Allowances consisting of :,,,,,,
"a) Adoptive, Paternity & Maternity",2554,,,,,
b) Sickness,184,,,,,
c) Suspended Doctors,40,,,,,
Prolonged Study Leave,0,,,,,
Associates,1916,,,,,
Ers Contributions for Supplementary Medical List,1197,,,,,
Other,12226,,,,,
Total PCO Administered,40112,,,,,
 1Figure not due to be published until November 2013 ,,,,,,
 2This figure refers only to the cost of dispensing fees for items dispensed and / or personally administered by Dispensing Doctors.,,,,,,
 3 For Dispensing Doctors.,,,,,,
 4Figures for Stock Order Drugs relate to the cost of personally administered drugs supplied to non dispensing doctor by pharmacies.,,,,,,
